nick_name,age,gender,academic_study,ip_address
6885ef4e6c9b98a267534c87b51f42a1,19-25,Variant/Nonconforming,Some Undergraduate Courses,
6858a1a2de55591893b588469be047fb,19-25,Female,Graduate Degree,
8e88902f66841a8ff6114431e875ad68,46-50,Female,Graduate Degree,
2af19d1c3a2b5839949d2a2f16d06f67,19-25,Male,Graduate Degree,
8e6e5e3207f438fa7f71895a0a20ac1d,26-30,Female,Graduate Degree,
7c859bbfc71d01bc9c413b15aa756d4f,19-25,Female,Some Graduate Courses,
751a571d3a5034f99d1a62c7370a1547,31-35,Female,Graduate Degree,
927a2334bbecfe1638727bffad4c599b,19-25,Female,Graduate Degree,
0e2c21782decf56b74b97a5879113691,26-30,Female,Graduate Degree,
5dee0fdeff462cb639ad1960b4877e00,26-30,Male,Graduate Degree,
6858a1a2de55591893b588469be047fb,19-25,Female,Graduate Degree,
8e88902f66841a8ff6114431e875ad68,46-50,Female,Graduate Degree,
927a2334bbecfe1638727bffad4c599b,26-30,Female,Graduate Degree,
6858a1a2de55591893b588469be047fb,19-25,Female,Graduate Degree,
4a060de6c862051a26d652e90d98d8a9,26-30,Variant/Nonconforming,Some Undergraduate Courses,
927a2334bbecfe1638727bffad4c599b,19-25,Female,Graduate Degree,
39d7eedf7ca7c21e05cae1a8055c390e,46-50,Male,Graduate Degree,
8e88902f66841a8ff6114431e875ad68,46-50,Female,Graduate Degree,
67f3483adc40f6c87987dd7897703b8b,46-50,Female,Graduate Degree,
ffaa10f2d89f9586cbeff81d093d24d1,46-50,Female,Graduate Degree,
67f3483adc40f6c87987dd7897703b8b,,,,
67f3483adc40f6c87987dd7897703b8b,,,,
67f3483adc40f6c87987dd7897703b8b,,,,
c8e3edce1e3dc9eb1a10e0b185c18866,19-25,Female,Some Graduate Courses,
6879f6079c92ed3ad0b3d9608a064f9e,19-25,Male,Graduate Degree,
f745762eff2b3557a5721721b944dcbc,26-30,Female,Graduate Degree,
17599861362c472eb76d066e3aedc5c6,26-30,Female,Graduate Degree,
c45ce2ddb48d14522b800fa400d0b597,26-30,Male,Graduate Degree,
806502d4f196e34b5909b411fc17cc86,26-30,Male,Some Undergraduate Courses,
79cf67840677b6f80ad4be9aa28e9df1,Under 19,Female,High School or Less,
3a9e0b509bf7d1bb6ba2478f57d05d6a,56-60,Female,Graduate Degree,
3a9e0b509bf7d1bb6ba2478f57d05d6a,56-60,Female,Graduate Degree,
3a9e0b509bf7d1bb6ba2478f57d05d6a,56-60,Female,Graduate Degree,
de9151dc61cc28e3e6d944a69ddf02ae,56-60,Male,Undergraduate Degree,
de9151dc61cc28e3e6d944a69ddf02ae,56-60,Male,,
4eb517da97734852a48a2316b298c92f,26-30,Female,Some Graduate Courses,
8d69f14de5a7223e3deaa50db94a4f4e,Over 60,Male,Graduate Degree,
f8413f8be3dde39c2295063c354affc3,26-30,Female,Graduate Degree,
f8413f8be3dde39c2295063c354affc3,26-30,Female,Graduate Degree,
f8413f8be3dde39c2295063c354affc3,26-30,Female,Graduate Degree,
6355272bd35a74fb1445ef49e0e1816f,56-60,Male,Undergraduate Degree,
97f6ca410635ec520cd6fae58489ef80,26-30,Female,Some Graduate Courses,
fa237cafe7df4e3fbce1760a7be1d3e0,31-35,Female,Graduate Degree,
6355272bd35a74fb1445ef49e0e1816f,26-30,Male,Graduate Degree,
f7ceceec094bcf9e231dc358560e5ef6,19-25,Female,Graduate Degree,
07675754a46f40c2582f5e8f3900af0a,26-30,Female,Graduate Degree,
8d69f14de5a7223e3deaa50db94a4f4e,26-30,Female,Graduate Degree,
9d88e081371361338458102f541ca0fa,19-25,Male,Graduate Degree,
8bef98ed1e9d2325e1b7b2bf37d8b970,26-30,Female,Graduate Degree,
8cd05b566e210584081a14842115be1d,Over 60,Male,Graduate Degree,
c044d5237f36f1d6c33ad80e7d4f691b,26-30,Female,Undergraduate Degree,
